{
    "Version": "2012-10-17",
    "Statement": [
        {
            "Sid": "Stmt1422532676335",
            "Effect": "Allow",
            "Action": [
                "dynamodb:BatchGetItem",
                "dynamodb:DescribeTable",
                "dynamodb:GetItem",
                "dynamodb:Query",
                "dynamodb:Scan"
            ],
            "Resource": [
                "arn:aws:dynamodb:eu-west-1:<aws-account-id>:table/poc-lambda-user-visits",
                "arn:aws:dynamodb:eu-west-1:<aws-account-id>:table/poc-lambda-user-visits-sam"                 
            ]
        }
    ]
}
